date,Water_Level
2005-01-01,-3.041323543918198
2005-02-01,-4.4952907293986994
2005-03-01,-4.0101654447391235
2005-04-01,-4.423351550906123
2005-05-01,-3.459716688113153
2005-06-01,-8.259253992843346
2005-07-01,-7.9262808692147235
2005-08-01,-2.01410224307947
2005-09-01,-2.90689715814683
2005-10-01,-1.3875036154414626
2005-11-01,-5.143685344945325
2005-12-01,-4.085105842593611
2006-01-01,-4.315757543317684
2006-02-01,-4.085105842593611
2006-03-01,-4.697282006456522
2006-04-01,-5.498596118916284
2006-05-01,-7.074350608792153
2006-06-01,-8.033751018363011
2006-07-01,-8.594076784380398
2006-08-01,-1.1630069132961074
2006-09-01,-2.8679373091966123
2006-10-01,-2.0636007074970886
2006-11-01,-4.706448194634987
2006-12-01,-5.54069509224511
2007-01-01,-2.953626031801286
2007-02-01,-4.085105842593611
2007-03-01,-4.085105842593611
2007-04-01,-4.640900778871226
2007-05-01,-7.3709726385522085
2007-06-01,-8.259253992843346
2007-07-01,-7.9262808692147235
2007-08-01,-1.3827875046175602
2007-09-01,-2.9851321115174247
2007-10-01,-4.222973272923825
2007-11-01,-3.051554349696831
2007-12-01,-4.085105842593611
2008-01-01,-4.462148668128893
2008-02-01,-4.085105842593611
2008-03-01,-3.9835660528324177
2008-04-01,-4.982108824135492
2008-05-01,-6.860245474250515
2008-06-01,-8.259253992843346
2008-07-01,-8.894085662643134
2008-08-01,-5.018760521182435
2008-09-01,-4.087603628406499
2008-10-01,-3.986437107362971
2008-11-01,-5.631462872840574
2008-12-01,-6.297812069273606
2009-01-01,-5.511078082716227
2009-02-01,-5.423888491386656
2009-03-01,-4.692293436793551
2009-04-01,-4.640900778871226
2009-05-01,-7.9352375479061745
2009-06-01,-8.259253992843346
2009-07-01,-7.354334314187979
2009-08-01,-2.798419645639801
2009-09-01,-4.297203592460701
2009-10-01,-4.8485575574044
2009-11-01,-5.668759946111499
2009-12-01,-6.13307339516631
2010-01-01,-4.904106791647311
2010-02-01,-3.9936843053580295
2010-03-01,-4.4952907293986994
2010-04-01,-5.171045804540605
2010-05-01,-9.64557375438467
2010-06-01,-8.259253992843346
2010-07-01,-7.8292352756216275
2010-08-01,-4.143539705097006
2010-09-01,-1.480399280702332
2010-10-01,-3.5429775167514053
2010-11-01,-5.808316068239212
2010-12-01,-5.423888491386656
2011-01-01,-5.07406075807237
2011-02-01,-4.085105842593611
2011-03-01,-4.085105842593611
2011-04-01,-4.640900778871226
2011-05-01,-7.838637218671948
2011-06-01,-8.259253992843346
2011-07-01,-7.8292352756216275
2011-08-01,-1.6182872583943655
2011-09-01,-1.6626014010619985
2011-10-01,-3.9146466119163885
2011-11-01,-4.197369464326232
2011-12-01,-4.4952907293986994
2012-01-01,-3.937365383748881
2012-02-01,-4.085105842593611
2012-03-01,-4.085105842593611
2012-04-01,-4.640900778871226
2012-05-01,-7.950605783114404
2012-06-01,-8.259253992843346
2012-07-01,-7.9262808692147235
2012-08-01,-1.6627528352331624
2012-09-01,-2.3760211132290037
2012-10-01,-1.5487469171947206
2012-11-01,-4.378565104182581
2012-12-01,-4.085105842593611
2013-01-01,-4.065924080093141
2013-02-01,-4.085105842593611
2013-03-01,-4.085105842593611
2013-04-01,-4.503666414663133
2013-05-01,-8.181234633991734
2013-06-01,-7.401166564247114
2013-07-01,-7.01995848915214
2013-08-01,-2.365670752112568
2013-09-01,-4.000726103061895
2013-10-01,-2.4075020165004415
2013-11-01,-3.737402161464452
2013-12-01,-5.630458660079475
2014-01-01,-4.708069493092621
2014-02-01,-5.100981784486327
2014-03-01,-4.71739059848469
2014-04-01,-4.517324258324362
2014-05-01,-8.526698697103228
2014-06-01,-8.347363410867091
2014-07-01,-7.626611478051169
2014-08-01,-6.409118856963326
2014-09-01,-3.5230227489597103
2014-10-01,-4.139202442290096
2014-11-01,-6.385756099693019
2014-12-01,-4.085105842593611
2015-01-01,-4.919623532330325
2015-02-01,-4.085105842593611
2015-03-01,-4.722379168147661
2015-04-01,-5.68292494155373
2015-05-01,-8.169665452665823
2015-06-01,-8.259253992843346
2015-07-01,-7.637227420069892
2015-08-01,-2.3858279892437744
2015-09-01,-3.9336060789851057
2015-10-01,-3.89246195349377
2015-11-01,-4.09171993405828
2015-12-01,-4.085105842593611
2016-01-01,-4.473632562888029
2016-02-01,-4.085105842593611
2016-03-01,-4.085105842593611
2016-04-01,-4.640900778871226
2016-05-01,-9.595006856980646
2016-06-01,-8.259253992843346
2016-07-01,-7.354334314187979
2016-08-01,-0.9290085575954248
2016-09-01,-3.7960201456475002
2016-10-01,-3.5102616827553352
2016-11-01,-0.963676396981333
2016-12-01,-4.931984106394993
2017-01-01,-2.770061907078402
2017-02-01,-4.085105842593611
2017-03-01,-4.085105842593611
2017-04-01,-4.640900778871226
2017-05-01,-7.88474192167784
2017-06-01,-8.311082392724234
2017-07-01,-7.637227420069892
2017-08-01,-2.343640881177478
2017-09-01,-3.461169729751193
2017-10-01,-3.482747170215463
2017-11-01,-2.6705825704658746
2017-12-01,-4.697282006456522
2018-01-01,-5.014293988555888
2018-02-01,-5.040192130710661
2018-03-01,-4.4952907293986994
2018-04-01,-4.520147554044228
2018-05-01,-8.128438208993131
2018-06-01,-8.259253992843346
2018-07-01,-7.354334314187979
2018-08-01,-3.7298353557517405
2018-09-01,-4.820295690005876
2018-10-01,-3.89401594747288
2018-11-01,-6.682420007048278
2018-12-01,-4.341587058332686
2019-01-01,-4.213856040254708
2019-02-01,-5.075884622795188
2019-03-01,-4.0101654447391235
2019-04-01,-4.517324258324362
2019-05-01,-8.438880215187808
2019-06-01,-8.311082392724234
2019-07-01,-7.9262808692147235
2019-08-01,-0.9808988437756481
2019-09-01,-2.0185631783113056
2019-10-01,-3.06770016922288
2019-11-01,-3.982994748606157
2019-12-01,-6.222836963000675
2020-01-01,-4.695420050282921
2020-02-01,-4.085105842593611
2020-03-01,-4.085105842593611
2020-04-01,-4.640900778871226
2020-05-01,-7.76095394815961
2020-06-01,-8.579901571805456
2020-07-01,-7.281628124530087
2020-08-01,-2.625209679803838
2020-09-01,-2.292250282595272
2020-10-01,-3.080479183279975
2020-11-01,-4.182755408139797
2020-12-01,-4.71739059848469
2021-01-01,-4.368355724607659
2021-02-01,-4.085105842593611
2021-03-01,-4.085105842593611
2021-04-01,-4.8868573692971315
2021-05-01,-8.461127174780414
2021-06-01,-8.559151761589192
2021-07-01,-8.594076784380398
2021-08-01,-5.703165369687464
2021-09-01,-2.7326004702959628
2021-10-01,-2.7940798607518094
2021-11-01,-6.434806294748017
2021-12-01,-6.644287843284181
2022-01-01,-7.057247437637306
2022-02-01,-4.0101654447391235
2022-03-01,-4.085105842593611
2022-04-01,-4.640900778871226
2022-05-01,-7.869373687342642
2022-06-01,-8.259253992843346
2022-07-01,-7.354334314187979
2022-08-01,-3.936330660809478
2022-09-01,-2.5044981724700826
2022-10-01,-3.9336060789851057
2022-11-01,-6.5797484659398835
2022-12-01,-5.630458660079475
2023-01-01,-5.53211184355019
2023-02-01,-5.755154275293814
2023-03-01,-6.142881662927107
2023-04-01,-5.699406080934825
2023-05-01,-7.974529481952759
2023-06-01,-8.796632562328325
2023-07-01,-6.965785055286209
2023-08-01,-3.677361047292704
2023-09-01,-2.586406261430481
2023-10-01,-2.2181151010446563
2023-11-01,-4.958209388782473
2023-12-01,-5.994743150199434
2024-01-01,-6.538516332844424
2024-02-01,-4.085105842593611
2024-03-01,-4.007342149019258
2024-04-01,-4.982108824135492
2024-05-01,-8.154594336239994
2024-06-01,-8.259253992843346
2024-07-01,-7.9262808692147235
2024-08-01,-2.326307315002321
2024-09-01,-1.7233810921196169
2024-10-01,-2.877850691385541
2024-11-01,-3.19947081668143
2024-12-01,-6.068390679744076
2025-01-01,-3.996102110316033
2025-02-01,-5.075884622795188
2025-03-01,-4.813424007992111
2025-04-01,-4.8868573692971315
2025-05-01,-8.343009116742971
2025-06-01,-6.763954655571152
2025-07-01,-8.073264995137889
2025-08-01,-2.1156809887938355
2025-09-01,-3.1673342318770894
2025-10-01,-1.1183156293592358
2025-11-01,-4.802084426568093
2025-12-01,-6.660768982665276
