Village,Latitude,Longitude,date,Water_Level
Narwali,23.8944,74.4431,2005-01-01,-4.4150594647709855
Narwali,23.8944,74.4431,2005-02-01,-2.850160058957942
Narwali,23.8944,74.4431,2005-03-01,-2.7940869228830656
Narwali,23.8944,74.4431,2005-04-01,-3.658531611575316
Narwali,23.8944,74.4431,2005-05-01,-5.236744205245358
Narwali,23.8944,74.4431,2005-06-01,-6.413603171246822
Narwali,23.8944,74.4431,2005-07-01,-5.862415047145746
Narwali,23.8944,74.4431,2005-08-01,-4.551446511995531
Narwali,23.8944,74.4431,2005-09-01,-1.286106296758526
Narwali,23.8944,74.4431,2005-10-01,-2.274089431856528
Narwali,23.8944,74.4431,2005-11-01,-4.615192964667956
Narwali,23.8944,74.4431,2005-12-01,-3.0596447906332367
Narwali,23.8944,74.4431,2006-01-01,-6.411623599793214
Narwali,23.8944,74.4431,2006-02-01,-3.2180506258140187
Narwali,23.8944,74.4431,2006-03-01,-2.8744969437352483
Narwali,23.8944,74.4431,2006-04-01,-3.6491894871938073
Narwali,23.8944,74.4431,2006-05-01,-11.049813781970869
Narwali,23.8944,74.4431,2006-06-01,-6.295507934207828
Narwali,23.8944,74.4431,2006-07-01,-7.768748182955279
Narwali,23.8944,74.4431,2006-08-01,-0.9978031455147064
Narwali,23.8944,74.4431,2006-09-01,-0.8496666925067804
Narwali,23.8944,74.4431,2006-10-01,-3.7935755348076063
Narwali,23.8944,74.4431,2006-11-01,-2.080361948287416
Narwali,23.8944,74.4431,2006-12-01,-2.7920407717679736
Narwali,23.8944,74.4431,2007-01-01,-2.9404424355606764
Narwali,23.8944,74.4431,2007-02-01,-2.810421176142867
Narwali,23.8944,74.4431,2007-03-01,-2.810421176142867
Narwali,23.8944,74.4431,2007-04-01,-2.993511312846908
Narwali,23.8944,74.4431,2007-05-01,-5.67139906539262
Narwali,23.8944,74.4431,2007-06-01,-6.425399428772501
Narwali,23.8944,74.4431,2007-07-01,-7.54363599897717
Narwali,23.8944,74.4431,2007-08-01,-0.6521985729514187
Narwali,23.8944,74.4431,2007-09-01,-0.6661529721030438
Narwali,23.8944,74.4431,2007-10-01,-2.2002731474453467
Narwali,23.8944,74.4431,2007-11-01,-1.9580674584833613
Narwali,23.8944,74.4431,2007-12-01,-2.810421176142867
Narwali,23.8944,74.4431,2008-01-01,-2.488686325235592
Narwali,23.8944,74.4431,2008-02-01,-2.810421176142867
Narwali,23.8944,74.4431,2008-03-01,-2.7940869228830656
Narwali,23.8944,74.4431,2008-04-01,-3.7903846182765326
Narwali,23.8944,74.4431,2008-05-01,-4.685976652952119
Narwali,23.8944,74.4431,2008-06-01,-6.188429545344385
Narwali,23.8944,74.4431,2008-07-01,-5.904247479138486
Narwali,23.8944,74.4431,2008-08-01,-2.863774166312449
Narwali,23.8944,74.4431,2008-09-01,-3.2751375605503577
Narwali,23.8944,74.4431,2008-10-01,-3.203932875844872
Narwali,23.8944,74.4431,2008-11-01,-2.577359347023786
Narwali,23.8944,74.4431,2008-12-01,-2.911368671680747
Narwali,23.8944,74.4431,2009-01-01,-3.977228836214325
Narwali,23.8944,74.4431,2009-02-01,-3.8011638839600135
Narwali,23.8944,74.4431,2009-03-01,-2.911368671680747
Narwali,23.8944,74.4431,2009-04-01,-3.72814581517622
Narwali,23.8944,74.4431,2009-05-01,-7.226939719568827
Narwali,23.8944,74.4431,2009-06-01,-6.188429545344385
Narwali,23.8944,74.4431,2009-07-01,-5.862415047145746
Narwali,23.8944,74.4431,2009-08-01,-1.3442253354175002
Narwali,23.8944,74.4431,2009-09-01,-4.000938232925167
Narwali,23.8944,74.4431,2009-10-01,-3.454238827019315
Narwali,23.8944,74.4431,2009-11-01,-2.788266866676384
Narwali,23.8944,74.4431,2009-12-01,-2.7920407717679736
Narwali,23.8944,74.4431,2010-01-01,-2.3968090834846287
Narwali,23.8944,74.4431,2010-02-01,-2.8744969437352483
Narwali,23.8944,74.4431,2010-03-01,-3.615581197895693
Narwali,23.8944,74.4431,2010-04-01,-3.5801205135875764
Narwali,23.8944,74.4431,2010-05-01,-5.486720327139376
Narwali,23.8944,74.4431,2010-06-01,-6.188429545344385
Narwali,23.8944,74.4431,2010-07-01,-5.862415047145746
Narwali,23.8944,74.4431,2010-08-01,-3.8569682771378897
Narwali,23.8944,74.4431,2010-09-01,-1.837607024798325
Narwali,23.8944,74.4431,2010-10-01,-1.780965297590303
Narwali,23.8944,74.4431,2010-11-01,-3.915886052945264
Narwali,23.8944,74.4431,2010-12-01,-3.3715578999433804
Narwali,23.8944,74.4431,2011-01-01,-2.2180198070508497
Narwali,23.8944,74.4431,2011-02-01,-2.810421176142867
Narwali,23.8944,74.4431,2011-03-01,-2.810421176142867
Narwali,23.8944,74.4431,2011-04-01,-2.993511312846908
Narwali,23.8944,74.4431,2011-05-01,-5.732612076489063
Narwali,23.8944,74.4431,2011-06-01,-6.188429545344385
Narwali,23.8944,74.4431,2011-07-01,-5.862415047145746
Narwali,23.8944,74.4431,2011-08-01,-0.7524807647046522
Narwali,23.8944,74.4431,2011-09-01,-2.2226152860487107
Narwali,23.8944,74.4431,2011-10-01,-1.996399596084739
Narwali,23.8944,74.4431,2011-11-01,-2.718142195661742
Narwali,23.8944,74.4431,2011-12-01,-2.810421176142867
Narwali,23.8944,74.4431,2012-01-01,-2.4312633216328523
Narwali,23.8944,74.4431,2012-02-01,-2.810421176142867
Narwali,23.8944,74.4431,2012-03-01,-2.810421176142867
Narwali,23.8944,74.4431,2012-04-01,-2.760828398274169
Narwali,23.8944,74.4431,2012-05-01,-4.8352964245111005
Narwali,23.8944,74.4431,2012-06-01,-6.052807583977091
Narwali,23.8944,74.4431,2012-07-01,-6.283560667656398
Narwali,23.8944,74.4431,2012-08-01,-0.8959946575668065
Narwali,23.8944,74.4431,2012-09-01,-0.5444128876789165
Narwali,23.8944,74.4431,2012-10-01,-2.0611046800060198
Narwali,23.8944,74.4431,2012-11-01,-2.107332145986975
Narwali,23.8944,74.4431,2012-12-01,-2.810421176142867
Narwali,23.8944,74.4431,2013-01-01,-2.1310573755904603
Narwali,23.8944,74.4431,2013-02-01,-3.4006610307637413
Narwali,23.8944,74.4431,2013-03-01,-3.217578238189832
Narwali,23.8944,74.4431,2013-04-01,-2.8278319412937667
Narwali,23.8944,74.4431,2013-05-01,-4.881282732487767
Narwali,23.8944,74.4431,2013-06-01,-6.423018911359425
Narwali,23.8944,74.4431,2013-07-01,-6.475445833827284
Narwali,23.8944,74.4431,2013-08-01,-1.182521634439574
Narwali,23.8944,74.4431,2013-09-01,-1.10123455131246
Narwali,23.8944,74.4431,2013-10-01,-3.759104957940972
Narwali,23.8944,74.4431,2013-11-01,-1.5761777369412877
Narwali,23.8944,74.4431,2013-12-01,-2.9119420653170525
Narwali,23.8944,74.4431,2014-01-01,-1.7320594093770492
Narwali,23.8944,74.4431,2014-02-01,-3.3715578999433804
Narwali,23.8944,74.4431,2014-03-01,-2.291225797411817
Narwali,23.8944,74.4431,2014-04-01,-2.760828398274169
Narwali,23.8944,74.4431,2014-05-01,-5.092746018517552
Narwali,23.8944,74.4431,2014-06-01,-5.547232015403428
Narwali,23.8944,74.4431,2014-07-01,-6.142527149104657
Narwali,23.8944,74.4431,2014-08-01,-1.650361686541642
Narwali,23.8944,74.4431,2014-09-01,-1.860845090398274
Narwali,23.8944,74.4431,2014-10-01,-1.6894046327012289
Narwali,23.8944,74.4431,2014-11-01,-2.2556667212572945
Narwali,23.8944,74.4431,2014-12-01,-2.810421176142867
Narwali,23.8944,74.4431,2015-01-01,-2.5821061530671336
Narwali,23.8944,74.4431,2015-02-01,-3.615581197895693
Narwali,23.8944,74.4431,2015-03-01,-3.717935987378314
Narwali,23.8944,74.4431,2015-04-01,-3.6491894871938073
Narwali,23.8944,74.4431,2015-05-01,-4.622736077810553
Narwali,23.8944,74.4431,2015-06-01,-6.188429545344385
Narwali,23.8944,74.4431,2015-07-01,-5.862415047145746
Narwali,23.8944,74.4431,2015-08-01,-1.3056753049656868
Narwali,23.8944,74.4431,2015-09-01,-3.731461380123623
Narwali,23.8944,74.4431,2015-10-01,-2.261569155100999
Narwali,23.8944,74.4431,2015-11-01,-2.701024303935432
Narwali,23.8944,74.4431,2015-12-01,-2.810421176142867
Narwali,23.8944,74.4431,2016-01-01,-3.05909610265036
Narwali,23.8944,74.4431,2016-02-01,-2.810421176142867
Narwali,23.8944,74.4431,2016-03-01,-2.810421176142867
Narwali,23.8944,74.4431,2016-04-01,-2.993511312846908
Narwali,23.8944,74.4431,2016-05-01,-5.354992604252209
Narwali,23.8944,74.4431,2016-06-01,-6.058538050779712
Narwali,23.8944,74.4431,2016-07-01,-5.862415047145746
Narwali,23.8944,74.4431,2016-08-01,-0.8594920593340115
Narwali,23.8944,74.4431,2016-09-01,-1.8719455229895623
Narwali,23.8944,74.4431,2016-10-01,-3.802323179617273
Narwali,23.8944,74.4431,2016-11-01,-2.131314122169378
Narwali,23.8944,74.4431,2016-12-01,-2.9119420653170525
Narwali,23.8944,74.4431,2017-01-01,-2.486497243148873
Narwali,23.8944,74.4431,2017-02-01,-2.810421176142867
Narwali,23.8944,74.4431,2017-03-01,-2.810421176142867
Narwali,23.8944,74.4431,2017-04-01,-2.993511312846908
Narwali,23.8944,74.4431,2017-05-01,-5.633966479683549
Narwali,23.8944,74.4431,2017-06-01,-6.295507934207828
Narwali,23.8944,74.4431,2017-07-01,-7.209694197292006
Narwali,23.8944,74.4431,2017-08-01,-1.1317788403442663
Narwali,23.8944,74.4431,2017-09-01,-2.314839302880071
Narwali,23.8944,74.4431,2017-10-01,-1.881697932031638
Narwali,23.8944,74.4431,2017-11-01,-1.463031246534669
Narwali,23.8944,74.4431,2017-12-01,-2.604530690628039
Narwali,23.8944,74.4431,2018-01-01,-3.55060138984776
Narwali,23.8944,74.4431,2018-02-01,-3.6374295231027
Narwali,23.8944,74.4431,2018-03-01,-3.575830454008305
Narwali,23.8944,74.4431,2018-04-01,-3.392424712402728
Narwali,23.8944,74.4431,2018-05-01,-4.440881172896173
Narwali,23.8944,74.4431,2018-06-01,-6.188429545344385
Narwali,23.8944,74.4431,2018-07-01,-5.862415047145746
Narwali,23.8944,74.4431,2018-08-01,-1.0251529874754663
Narwali,23.8944,74.4431,2018-09-01,-2.525995600217864
Narwali,23.8944,74.4431,2018-10-01,-1.7946362525850426
Narwali,23.8944,74.4431,2018-11-01,-3.676807537253692
Narwali,23.8944,74.4431,2018-12-01,-3.640439514031765
Narwali,23.8944,74.4431,2019-01-01,-3.7318045396197497
Narwali,23.8944,74.4431,2019-02-01,-2.9133647919777816
Narwali,23.8944,74.4431,2019-03-01,-3.8570414073108528
Narwali,23.8944,74.4431,2019-04-01,-3.4716544447844635
Narwali,23.8944,74.4431,2019-05-01,-7.709218552697466
Narwali,23.8944,74.4431,2019-06-01,-6.520681560110265
Narwali,23.8944,74.4431,2019-07-01,-8.924466380541725
Narwali,23.8944,74.4431,2019-08-01,-1.066508983707844
Narwali,23.8944,74.4431,2019-09-01,-0.6719729022463445
Narwali,23.8944,74.4431,2019-10-01,-4.0822214424018775
Narwali,23.8944,74.4431,2019-11-01,-1.986043880745924
Narwali,23.8944,74.4431,2019-12-01,-3.2007752511833925
Narwali,23.8944,74.4431,2020-01-01,-3.708465788447064
Narwali,23.8944,74.4431,2020-02-01,-2.810421176142867
Narwali,23.8944,74.4431,2020-03-01,-2.810421176142867
Narwali,23.8944,74.4431,2020-04-01,-2.760828398274169
Narwali,23.8944,74.4431,2020-05-01,-6.942810371860997
Narwali,23.8944,74.4431,2020-06-01,-6.295507934207828
Narwali,23.8944,74.4431,2020-07-01,-8.530976485851824
Narwali,23.8944,74.4431,2020-08-01,-2.5837162152017283
Narwali,23.8944,74.4431,2020-09-01,-1.4873667990536723
Narwali,23.8944,74.4431,2020-10-01,-3.6084877538350297
Narwali,23.8944,74.4431,2020-11-01,-4.3556341143956585
Narwali,23.8944,74.4431,2020-12-01,-2.9769083505386638
Narwali,23.8944,74.4431,2021-01-01,-3.572081425689549
Narwali,23.8944,74.4431,2021-02-01,-2.810421176142867
Narwali,23.8944,74.4431,2021-03-01,-2.810421176142867
Narwali,23.8944,74.4431,2021-04-01,-2.993511312846908
Narwali,23.8944,74.4431,2021-05-01,-5.858647536233909
Narwali,23.8944,74.4431,2021-06-01,-6.425399428772501
Narwali,23.8944,74.4431,2021-07-01,-7.151074637848756
Narwali,23.8944,74.4431,2021-08-01,-2.1633179071817183
Narwali,23.8944,74.4431,2021-09-01,-1.2815565026399276
Narwali,23.8944,74.4431,2021-10-01,-3.155861654381911
Narwali,23.8944,74.4431,2021-11-01,-2.566821847203457
Narwali,23.8944,74.4431,2021-12-01,-3.4852856534917587
Narwali,23.8944,74.4431,2022-01-01,-3.604964185859692
Narwali,23.8944,74.4431,2022-02-01,-3.594096276243988
Narwali,23.8944,74.4431,2022-03-01,-2.810421176142867
Narwali,23.8944,74.4431,2022-04-01,-2.993511312846908
Narwali,23.8944,74.4431,2022-05-01,-5.311083363294049
Narwali,23.8944,74.4431,2022-06-01,-6.188429545344385
Narwali,23.8944,74.4431,2022-07-01,-5.640883981986748
Narwali,23.8944,74.4431,2022-08-01,-0.6357106376630387
Narwali,23.8944,74.4431,2022-09-01,-0.8789012058382716
Narwali,23.8944,74.4431,2022-10-01,-3.791225010559796
Narwali,23.8944,74.4431,2022-11-01,-3.438177049260676
Narwali,23.8944,74.4431,2022-12-01,-2.7920407717679736
Narwali,23.8944,74.4431,2023-01-01,-7.028248060972554
Narwali,23.8944,74.4431,2023-02-01,-3.437004928768732
Narwali,23.8944,74.4431,2023-03-01,-3.522902558345371
Narwali,23.8944,74.4431,2023-04-01,-3.594046554975236
Narwali,23.8944,74.4431,2023-05-01,-7.902201324505986
Narwali,23.8944,74.4431,2023-06-01,-8.905944155831389
Narwali,23.8944,74.4431,2023-07-01,-7.209694197292006
Narwali,23.8944,74.4431,2023-08-01,-4.979727845187035
Narwali,23.8944,74.4431,2023-09-01,-1.3595248817683157
Narwali,23.8944,74.4431,2023-10-01,-2.676087580849775
Narwali,23.8944,74.4431,2023-11-01,-7.141626218359203
Narwali,23.8944,74.4431,2023-12-01,-3.543913206425483
Narwali,23.8944,74.4431,2024-01-01,-3.815517862421604
Narwali,23.8944,74.4431,2024-02-01,-2.9769083505386638
Narwali,23.8944,74.4431,2024-03-01,-4.299349581258776
Narwali,23.8944,74.4431,2024-04-01,-2.839839896230413
Narwali,23.8944,74.4431,2024-05-01,-5.0944650614141365
Narwali,23.8944,74.4431,2024-06-01,-6.295507934207828
Narwali,23.8944,74.4431,2024-07-01,-8.548111365262777
Narwali,23.8944,74.4431,2024-08-01,-0.597515934292841
Narwali,23.8944,74.4431,2024-09-01,-0.930664482095095
Narwali,23.8944,74.4431,2024-10-01,-3.3808661243335467
Narwali,23.8944,74.4431,2024-11-01,-2.3189440674861777
Narwali,23.8944,74.4431,2024-12-01,-2.7920407717679736
Narwali,23.8944,74.4431,2025-01-01,-2.507082608627431
Narwali,23.8944,74.4431,2025-02-01,-3.640439514031765
Narwali,23.8944,74.4431,2025-03-01,-3.940565933889413
Narwali,23.8944,74.4431,2025-04-01,-2.938516995407436
Narwali,23.8944,74.4431,2025-05-01,-6.303283146553297
Narwali,23.8944,74.4431,2025-06-01,-6.019570497453091
Narwali,23.8944,74.4431,2025-07-01,-7.068805958494333
Narwali,23.8944,74.4431,2025-08-01,-0.5739585897325611
Narwali,23.8944,74.4431,2025-09-01,-1.299537007190202
Narwali,23.8944,74.4431,2025-10-01,-3.666081513265592
Narwali,23.8944,74.4431,2025-11-01,-2.3322748097181782
Narwali,23.8944,74.4431,2025-12-01,-3.182300997394431
