Village,Latitude,Longitude,date,Water_Level
Kusalgarh,23.2,74.45,01-01-2005,-4.640226934
Kusalgarh,23.2,74.45,01-02-2005,-3.380018972
Kusalgarh,23.2,74.45,01-03-2005,-3.121187851
Kusalgarh,23.2,74.45,01-04-2005,-5.23278564
Kusalgarh,23.2,74.45,01-05-2005,-5.187192619
Kusalgarh,23.2,74.45,01-06-2005,-5.022875268
Kusalgarh,23.2,74.45,01-07-2005,-2.82019115
Kusalgarh,23.2,74.45,01-08-2005,-3.566893996
Kusalgarh,23.2,74.45,01-09-2005,-1.856527323
Kusalgarh,23.2,74.45,01-10-2005,-2.997338946
Kusalgarh,23.2,74.45,01-11-2005,-3.271659495
Kusalgarh,23.2,74.45,01-12-2005,-3.908130466
Kusalgarh,23.2,74.45,01-01-2006,-3.827826931
Kusalgarh,23.2,74.45,01-02-2006,-3.380018972
Kusalgarh,23.2,74.45,01-03-2006,-2.931646124
Kusalgarh,23.2,74.45,01-04-2006,-5.793693707
Kusalgarh,23.2,74.45,01-05-2006,-6.319155911
Kusalgarh,23.2,74.45,01-06-2006,-3.867239571
Kusalgarh,23.2,74.45,01-07-2006,-3.082184875
Kusalgarh,23.2,74.45,01-08-2006,-0.923318441
Kusalgarh,23.2,74.45,01-09-2006,-1.278740384
Kusalgarh,23.2,74.45,01-10-2006,-2.422099688
Kusalgarh,23.2,74.45,01-11-2006,-2.717598947
Kusalgarh,23.2,74.45,01-12-2006,-3.817154392
Kusalgarh,23.2,74.45,01-01-2007,-3.726526954
Kusalgarh,23.2,74.45,01-02-2007,-3.380018972
Kusalgarh,23.2,74.45,01-03-2007,-3.517204396
Kusalgarh,23.2,74.45,01-04-2007,-5.261052406
Kusalgarh,23.2,74.45,01-05-2007,-6.809700656
Kusalgarh,23.2,74.45,01-06-2007,-5.298725272
Kusalgarh,23.2,74.45,01-07-2007,-2.692011561
Kusalgarh,23.2,74.45,01-08-2007,-0.981788516
Kusalgarh,23.2,74.45,01-09-2007,-1.308367494
Kusalgarh,23.2,74.45,01-10-2007,-1.927686446
Kusalgarh,23.2,74.45,01-11-2007,-4.758081257
Kusalgarh,23.2,74.45,01-12-2007,-3.908130466
Kusalgarh,23.2,74.45,01-01-2008,-3.125432598
Kusalgarh,23.2,74.45,01-02-2008,-3.380018972
Kusalgarh,23.2,74.45,01-03-2008,-3.517204396
Kusalgarh,23.2,74.45,01-04-2008,-5.261052406
Kusalgarh,23.2,74.45,01-05-2008,-5.547272365
Kusalgarh,23.2,74.45,01-06-2008,-5.022875268
Kusalgarh,23.2,74.45,01-07-2008,-3.501158928
Kusalgarh,23.2,74.45,01-08-2008,-4.23900204
Kusalgarh,23.2,74.45,01-09-2008,-1.655797213
Kusalgarh,23.2,74.45,01-10-2008,-1.871377581
Kusalgarh,23.2,74.45,01-11-2008,-5.409064364
Kusalgarh,23.2,74.45,01-12-2008,-3.14469048
Kusalgarh,23.2,74.45,01-01-2009,-6.563507041
Kusalgarh,23.2,74.45,01-02-2009,-4.554685046
Kusalgarh,23.2,74.45,01-03-2009,-3.868405283
Kusalgarh,23.2,74.45,01-04-2009,-4.852530326
Kusalgarh,23.2,74.45,01-05-2009,-5.953433128
Kusalgarh,23.2,74.45,01-06-2009,-5.022875268
Kusalgarh,23.2,74.45,01-07-2009,-2.29830843
Kusalgarh,23.2,74.45,01-08-2009,-1.813588532
Kusalgarh,23.2,74.45,01-09-2009,-2.89758789
Kusalgarh,23.2,74.45,01-10-2009,-1.904726502
Kusalgarh,23.2,74.45,01-11-2009,-4.553589442
Kusalgarh,23.2,74.45,01-12-2009,-4.165341134
Kusalgarh,23.2,74.45,01-01-2010,-4.958379052
Kusalgarh,23.2,74.45,01-02-2010,-3.380018972
Kusalgarh,23.2,74.45,01-03-2010,-3.517204396
Kusalgarh,23.2,74.45,01-04-2010,-5.261052406
Kusalgarh,23.2,74.45,01-05-2010,-6.337638987
Kusalgarh,23.2,74.45,01-06-2010,-5.022875268
Kusalgarh,23.2,74.45,01-07-2010,-2.818203218
Kusalgarh,23.2,74.45,01-08-2010,-1.28203703
Kusalgarh,23.2,74.45,01-09-2010,-1.513366851
Kusalgarh,23.2,74.45,01-10-2010,-1.970304894
Kusalgarh,23.2,74.45,01-11-2010,-2.904899984
Kusalgarh,23.2,74.45,01-12-2010,-4.093068687
Kusalgarh,23.2,74.45,01-01-2011,-3.934166255
Kusalgarh,23.2,74.45,01-02-2011,-3.380018972
Kusalgarh,23.2,74.45,01-03-2011,-3.517204396
Kusalgarh,23.2,74.45,01-04-2011,-5.261052406
Kusalgarh,23.2,74.45,01-05-2011,-5.742668772
Kusalgarh,23.2,74.45,01-06-2011,-5.022875268
Kusalgarh,23.2,74.45,01-07-2011,-2.756692505
Kusalgarh,23.2,74.45,01-08-2011,-0.778268212
Kusalgarh,23.2,74.45,01-09-2011,-1.307661864
Kusalgarh,23.2,74.45,01-10-2011,-2.694586115
Kusalgarh,23.2,74.45,01-11-2011,-1.320217871
Kusalgarh,23.2,74.45,01-12-2011,-4.339943085
Kusalgarh,23.2,74.45,01-01-2012,-3.973080045
Kusalgarh,23.2,74.45,01-02-2012,-3.380018972
Kusalgarh,23.2,74.45,01-03-2012,-3.517204396
Kusalgarh,23.2,74.45,01-04-2012,-5.261052406
Kusalgarh,23.2,74.45,01-05-2012,-5.650459366
Kusalgarh,23.2,74.45,01-06-2012,-5.012887835
Kusalgarh,23.2,74.45,01-07-2012,-2.552754199
Kusalgarh,23.2,74.45,01-08-2012,-1.147865636
Kusalgarh,23.2,74.45,01-09-2012,-1.194688606
Kusalgarh,23.2,74.45,01-10-2012,-2.247260677
Kusalgarh,23.2,74.45,01-11-2012,-2.723097633
Kusalgarh,23.2,74.45,01-12-2012,-3.700456235
Kusalgarh,23.2,74.45,01-01-2013,-3.447006061
Kusalgarh,23.2,74.45,01-02-2013,-3.380018972
Kusalgarh,23.2,74.45,01-03-2013,-3.147385263
Kusalgarh,23.2,74.45,01-04-2013,-5.204737104
Kusalgarh,23.2,74.45,01-05-2013,-4.846411725
Kusalgarh,23.2,74.45,01-06-2013,-3.062855968
Kusalgarh,23.2,74.45,01-07-2013,-1.935065694
Kusalgarh,23.2,74.45,01-08-2013,-1.170461559
Kusalgarh,23.2,74.45,01-09-2013,-1.438336166
Kusalgarh,23.2,74.45,01-10-2013,-2.233374814
Kusalgarh,23.2,74.45,01-11-2013,-1.896135698
Kusalgarh,23.2,74.45,01-12-2013,-3.690558976
Kusalgarh,23.2,74.45,01-01-2014,-2.750177886
Kusalgarh,23.2,74.45,01-02-2014,-5.097680368
Kusalgarh,23.2,74.45,01-03-2014,-3.915528447
Kusalgarh,23.2,74.45,01-04-2014,-5.652593361
Kusalgarh,23.2,74.45,01-05-2014,-4.781573692
Kusalgarh,23.2,74.45,01-06-2014,-5.479695327
Kusalgarh,23.2,74.45,01-07-2014,-3.862624519
Kusalgarh,23.2,74.45,01-08-2014,-2.848756354
Kusalgarh,23.2,74.45,01-09-2014,-1.262991023
Kusalgarh,23.2,74.45,01-10-2014,-1.813358558
Kusalgarh,23.2,74.45,01-11-2014,-2.754905301
Kusalgarh,23.2,74.45,01-12-2014,-3.85921482
Kusalgarh,23.2,74.45,01-01-2015,-3.209654643
Kusalgarh,23.2,74.45,01-02-2015,-3.380018972
Kusalgarh,23.2,74.45,01-03-2015,-3.517204396
Kusalgarh,23.2,74.45,01-04-2015,-5.261052406
Kusalgarh,23.2,74.45,01-05-2015,-6.069792617
Kusalgarh,23.2,74.45,01-06-2015,-5.452621133
Kusalgarh,23.2,74.45,01-07-2015,-2.38451716
Kusalgarh,23.2,74.45,01-08-2015,-1.606683915
Kusalgarh,23.2,74.45,01-09-2015,-2.599975283
Kusalgarh,23.2,74.45,01-10-2015,-1.984094136
Kusalgarh,23.2,74.45,01-11-2015,-3.832833193
Kusalgarh,23.2,74.45,01-12-2015,-3.922254989
Kusalgarh,23.2,74.45,01-01-2016,-3.617363126
Kusalgarh,23.2,74.45,01-02-2016,-3.380018972
Kusalgarh,23.2,74.45,01-03-2016,-3.178740168
Kusalgarh,23.2,74.45,01-04-2016,-5.710145678
Kusalgarh,23.2,74.45,01-05-2016,-7.645207958
Kusalgarh,23.2,74.45,01-06-2016,-5.298725272
Kusalgarh,23.2,74.45,01-07-2016,-2.29830843
Kusalgarh,23.2,74.45,01-08-2016,-1.106063589
Kusalgarh,23.2,74.45,01-09-2016,-2.105992209
Kusalgarh,23.2,74.45,01-10-2016,-1.919543747
Kusalgarh,23.2,74.45,01-11-2016,-1.254599019
Kusalgarh,23.2,74.45,01-12-2016,-3.721746449
Kusalgarh,23.2,74.45,01-01-2017,-2.4746309
Kusalgarh,23.2,74.45,01-02-2017,-3.380018972
Kusalgarh,23.2,74.45,01-03-2017,-3.517204396
Kusalgarh,23.2,74.45,01-04-2017,-5.261052406
Kusalgarh,23.2,74.45,01-05-2017,-5.519347423
Kusalgarh,23.2,74.45,01-06-2017,-3.951509195
Kusalgarh,23.2,74.45,01-07-2017,-2.220698086
Kusalgarh,23.2,74.45,01-08-2017,-1.646641577
Kusalgarh,23.2,74.45,01-09-2017,-1.342087305
Kusalgarh,23.2,74.45,01-10-2017,-1.899947911
Kusalgarh,23.2,74.45,01-11-2017,-1.830323156
Kusalgarh,23.2,74.45,01-12-2017,-5.076740421
Kusalgarh,23.2,74.45,01-01-2018,-4.471156408
Kusalgarh,23.2,74.45,01-02-2018,-3.463887991
Kusalgarh,23.2,74.45,01-03-2018,-4.113732512
Kusalgarh,23.2,74.45,01-04-2018,-5.657431691
Kusalgarh,23.2,74.45,01-05-2018,-6.513275951
Kusalgarh,23.2,74.45,01-06-2018,-5.022875268
Kusalgarh,23.2,74.45,01-07-2018,-2.29830843
Kusalgarh,23.2,74.45,01-08-2018,-1.589603907
Kusalgarh,23.2,74.45,01-09-2018,-2.477237157
Kusalgarh,23.2,74.45,01-10-2018,-1.899947911
Kusalgarh,23.2,74.45,01-11-2018,-4.331685474
Kusalgarh,23.2,74.45,01-12-2018,-3.605732704
Kusalgarh,23.2,74.45,01-01-2019,-3.158974657
Kusalgarh,23.2,74.45,01-02-2019,-4.517846863
Kusalgarh,23.2,74.45,01-03-2019,-4.098067964
Kusalgarh,23.2,74.45,01-04-2019,-5.204060565
Kusalgarh,23.2,74.45,01-05-2019,-7.243299027
Kusalgarh,23.2,74.45,01-06-2019,-5.298725272
Kusalgarh,23.2,74.45,01-07-2019,-2.738316322
Kusalgarh,23.2,74.45,01-08-2019,-1.25585347
Kusalgarh,23.2,74.45,01-09-2019,-1.085186872
Kusalgarh,23.2,74.45,01-10-2019,-2.849862121
Kusalgarh,23.2,74.45,01-11-2019,-2.620734018
Kusalgarh,23.2,74.45,01-12-2019,-4.165341134
Kusalgarh,23.2,74.45,01-01-2020,-3.428149795
Kusalgarh,23.2,74.45,01-02-2020,-3.380018972
Kusalgarh,23.2,74.45,01-03-2020,-5.116652271
Kusalgarh,23.2,74.45,01-04-2020,-6.055005112
Kusalgarh,23.2,74.45,01-05-2020,-4.94761321
Kusalgarh,23.2,74.45,01-06-2020,-3.611476192
Kusalgarh,23.2,74.45,01-07-2020,-3.586296418
Kusalgarh,23.2,74.45,01-08-2020,-1.20682785
Kusalgarh,23.2,74.45,01-09-2020,-1.314645442
Kusalgarh,23.2,74.45,01-10-2020,-2.09909448
Kusalgarh,23.2,74.45,01-11-2020,-2.839408089
Kusalgarh,23.2,74.45,01-12-2020,-3.817154392
Kusalgarh,23.2,74.45,01-01-2021,-3.30536086
Kusalgarh,23.2,74.45,01-02-2021,-3.380018972
Kusalgarh,23.2,74.45,01-03-2021,-3.517204396
Kusalgarh,23.2,74.45,01-04-2021,-5.204060565
Kusalgarh,23.2,74.45,01-05-2021,-5.030650638
Kusalgarh,23.2,74.45,01-06-2021,-5.434424853
Kusalgarh,23.2,74.45,01-07-2021,-3.082184875
Kusalgarh,23.2,74.45,01-08-2021,-3.35512983
Kusalgarh,23.2,74.45,01-09-2021,-1.046040847
Kusalgarh,23.2,74.45,01-10-2021,-2.233374814
Kusalgarh,23.2,74.45,01-11-2021,-4.630538069
Kusalgarh,23.2,74.45,01-12-2021,-4.22254419
Kusalgarh,23.2,74.45,01-01-2022,-5.522208541
Kusalgarh,23.2,74.45,01-02-2022,-4.864330756
Kusalgarh,23.2,74.45,01-03-2022,-3.517204396
Kusalgarh,23.2,74.45,01-04-2022,-5.261052406
Kusalgarh,23.2,74.45,01-05-2022,-5.55824996
Kusalgarh,23.2,74.45,01-06-2022,-5.022875268
Kusalgarh,23.2,74.45,01-07-2022,-2.29830843
Kusalgarh,23.2,74.45,01-08-2022,-1.346081756
Kusalgarh,23.2,74.45,01-09-2022,-1.906836942
Kusalgarh,23.2,74.45,01-10-2022,-1.970304894
Kusalgarh,23.2,74.45,01-11-2022,-2.247996297
Kusalgarh,23.2,74.45,01-12-2022,-3.690558976
Kusalgarh,23.2,74.45,01-01-2023,-3.573338267
Kusalgarh,23.2,74.45,01-02-2023,-3.380018972
Kusalgarh,23.2,74.45,01-03-2023,-5.026346941
Kusalgarh,23.2,74.45,01-04-2023,-5.300091
Kusalgarh,23.2,74.45,01-05-2023,-5.059332421
Kusalgarh,23.2,74.45,01-06-2023,-5.408298568
Kusalgarh,23.2,74.45,01-07-2023,-1.4019315
Kusalgarh,23.2,74.45,01-08-2023,-3.117613743
Kusalgarh,23.2,74.45,01-09-2023,-1.267979502
Kusalgarh,23.2,74.45,01-10-2023,-2.872649293
Kusalgarh,23.2,74.45,01-11-2023,-4.148924816
Kusalgarh,23.2,74.45,01-12-2023,-5.192743487
Kusalgarh,23.2,74.45,01-01-2024,-4.231841473
Kusalgarh,23.2,74.45,01-02-2024,-3.605732704
Kusalgarh,23.2,74.45,01-03-2024,-4.113732512
Kusalgarh,23.2,74.45,01-04-2024,-5.657431691
Kusalgarh,23.2,74.45,01-05-2024,-5.654725965
Kusalgarh,23.2,74.45,01-06-2024,-5.128251309
Kusalgarh,23.2,74.45,01-07-2024,-2.532633016
Kusalgarh,23.2,74.45,01-08-2024,-1.048465472
Kusalgarh,23.2,74.45,01-09-2024,-1.194688606
Kusalgarh,23.2,74.45,01-10-2024,-2.251660604
Kusalgarh,23.2,74.45,01-11-2024,-2.39173337
Kusalgarh,23.2,74.45,01-12-2024,-3.690558976
Kusalgarh,23.2,74.45,01-01-2025,-3.029783851
Kusalgarh,23.2,74.45,01-02-2025,-5.281262228
Kusalgarh,23.2,74.45,01-03-2025,-5.084017925
Kusalgarh,23.2,74.45,01-04-2025,-4.871009524
Kusalgarh,23.2,74.45,01-05-2025,-4.977703519
Kusalgarh,23.2,74.45,01-06-2025,-3.974218711
Kusalgarh,23.2,74.45,01-07-2025,-2.326110499
Kusalgarh,23.2,74.45,01-08-2025,-1.001694786
Kusalgarh,23.2,74.45,01-09-2025,-1.209020646
Kusalgarh,23.2,74.45,01-10-2025,-2.251660604
Kusalgarh,23.2,74.45,01-11-2025,-1.90997497
Kusalgarh,23.2,74.45,01-12-2025,-3.198438979
