system:index,date,temperature_C,.geo
0,01-01-2005,18.47948147,"{""type"":""MultiPoint"",""coordinates"":[]}"
1,01-02-2005,21.40853135,"{""type"":""MultiPoint"",""coordinates"":[]}"
2,01-03-2005,26.5504428,"{""type"":""MultiPoint"",""coordinates"":[]}"
3,01-04-2005,30.14013897,"{""type"":""MultiPoint"",""coordinates"":[]}"
4,01-05-2005,32.45994938,"{""type"":""MultiPoint"",""coordinates"":[]}"
5,01-06-2005,31.2299639,"{""type"":""MultiPoint"",""coordinates"":[]}"
6,01-07-2005,26.70002177,"{""type"":""MultiPoint"",""coordinates"":[]}"
7,01-08-2005,25.65214373,"{""type"":""MultiPoint"",""coordinates"":[]}"
8,01-09-2005,26.18692004,"{""type"":""MultiPoint"",""coordinates"":[]}"
9,01-10-2005,25.75922682,"{""type"":""MultiPoint"",""coordinates"":[]}"
10,01-11-2005,22.79968972,"{""type"":""MultiPoint"",""coordinates"":[]}"
11,01-12-2005,19.63328508,"{""type"":""MultiPoint"",""coordinates"":[]}"
12,01-01-2006,20.21468313,"{""type"":""MultiPoint"",""coordinates"":[]}"
13,01-02-2006,24.90149092,"{""type"":""MultiPoint"",""coordinates"":[]}"
14,01-03-2006,25.73369437,"{""type"":""MultiPoint"",""coordinates"":[]}"
15,01-04-2006,30.07914509,"{""type"":""MultiPoint"",""coordinates"":[]}"
16,01-05-2006,32.33683952,"{""type"":""MultiPoint"",""coordinates"":[]}"
17,01-06-2006,29.80500105,"{""type"":""MultiPoint"",""coordinates"":[]}"
18,01-07-2006,25.72865555,"{""type"":""MultiPoint"",""coordinates"":[]}"
19,01-08-2006,24.56929901,"{""type"":""MultiPoint"",""coordinates"":[]}"
20,01-09-2006,26.2961913,"{""type"":""MultiPoint"",""coordinates"":[]}"
21,01-10-2006,26.74430145,"{""type"":""MultiPoint"",""coordinates"":[]}"
22,01-11-2006,23.69908246,"{""type"":""MultiPoint"",""coordinates"":[]}"
23,01-12-2006,21.67737855,"{""type"":""MultiPoint"",""coordinates"":[]}"
24,01-01-2007,20.34486704,"{""type"":""MultiPoint"",""coordinates"":[]}"
25,01-02-2007,22.56979225,"{""type"":""MultiPoint"",""coordinates"":[]}"
26,01-03-2007,26.29989906,"{""type"":""MultiPoint"",""coordinates"":[]}"
27,01-04-2007,31.51117704,"{""type"":""MultiPoint"",""coordinates"":[]}"
28,01-05-2007,32.36141854,"{""type"":""MultiPoint"",""coordinates"":[]}"
29,01-06-2007,30.8694778,"{""type"":""MultiPoint"",""coordinates"":[]}"
30,01-07-2007,26.30370377,"{""type"":""MultiPoint"",""coordinates"":[]}"
31,01-08-2007,25.71674756,"{""type"":""MultiPoint"",""coordinates"":[]}"
32,01-09-2007,26.08781545,"{""type"":""MultiPoint"",""coordinates"":[]}"
33,01-10-2007,25.39786159,"{""type"":""MultiPoint"",""coordinates"":[]}"
34,01-11-2007,24.12757496,"{""type"":""MultiPoint"",""coordinates"":[]}"
35,01-12-2007,20.72906243,"{""type"":""MultiPoint"",""coordinates"":[]}"
36,01-01-2008,19.3858453,"{""type"":""MultiPoint"",""coordinates"":[]}"
37,01-02-2008,19.7434413,"{""type"":""MultiPoint"",""coordinates"":[]}"
38,01-03-2008,27.45688595,"{""type"":""MultiPoint"",""coordinates"":[]}"
39,01-04-2008,30.29435476,"{""type"":""MultiPoint"",""coordinates"":[]}"
40,01-05-2008,31.06456757,"{""type"":""MultiPoint"",""coordinates"":[]}"
41,01-06-2008,28.3003103,"{""type"":""MultiPoint"",""coordinates"":[]}"
42,01-07-2008,26.36561239,"{""type"":""MultiPoint"",""coordinates"":[]}"
43,01-08-2008,25.17833762,"{""type"":""MultiPoint"",""coordinates"":[]}"
44,01-09-2008,25.76606558,"{""type"":""MultiPoint"",""coordinates"":[]}"
45,01-10-2008,26.59556954,"{""type"":""MultiPoint"",""coordinates"":[]}"
46,01-11-2008,23.89449777,"{""type"":""MultiPoint"",""coordinates"":[]}"
47,01-12-2008,22.63401685,"{""type"":""MultiPoint"",""coordinates"":[]}"
48,01-01-2009,21.49569633,"{""type"":""MultiPoint"",""coordinates"":[]}"
49,01-02-2009,23.36738762,"{""type"":""MultiPoint"",""coordinates"":[]}"
50,01-03-2009,27.63868845,"{""type"":""MultiPoint"",""coordinates"":[]}"
51,01-04-2009,31.21448455,"{""type"":""MultiPoint"",""coordinates"":[]}"
52,01-05-2009,32.09440825,"{""type"":""MultiPoint"",""coordinates"":[]}"
53,01-06-2009,31.37480363,"{""type"":""MultiPoint"",""coordinates"":[]}"
54,01-07-2009,26.82491545,"{""type"":""MultiPoint"",""coordinates"":[]}"
55,01-08-2009,26.0710309,"{""type"":""MultiPoint"",""coordinates"":[]}"
56,01-09-2009,27.1707151,"{""type"":""MultiPoint"",""coordinates"":[]}"
57,01-10-2009,26.30224311,"{""type"":""MultiPoint"",""coordinates"":[]}"
58,01-11-2009,22.8424266,"{""type"":""MultiPoint"",""coordinates"":[]}"
59,01-12-2009,21.57393944,"{""type"":""MultiPoint"",""coordinates"":[]}"
60,01-01-2010,20.18097569,"{""type"":""MultiPoint"",""coordinates"":[]}"
61,01-02-2010,22.84865448,"{""type"":""MultiPoint"",""coordinates"":[]}"
62,01-03-2010,28.0324672,"{""type"":""MultiPoint"",""coordinates"":[]}"
63,01-04-2010,31.44393154,"{""type"":""MultiPoint"",""coordinates"":[]}"
64,01-05-2010,34.14643276,"{""type"":""MultiPoint"",""coordinates"":[]}"
65,01-06-2010,31.76855147,"{""type"":""MultiPoint"",""coordinates"":[]}"
66,01-07-2010,26.77290509,"{""type"":""MultiPoint"",""coordinates"":[]}"
67,01-08-2010,25.87444987,"{""type"":""MultiPoint"",""coordinates"":[]}"
68,01-09-2010,26.09568861,"{""type"":""MultiPoint"",""coordinates"":[]}"
69,01-10-2010,27.3586778,"{""type"":""MultiPoint"",""coordinates"":[]}"
70,01-11-2010,24.68926568,"{""type"":""MultiPoint"",""coordinates"":[]}"
71,01-12-2010,19.71074593,"{""type"":""MultiPoint"",""coordinates"":[]}"
72,01-01-2011,18.79078905,"{""type"":""MultiPoint"",""coordinates"":[]}"
73,01-02-2011,22.18014561,"{""type"":""MultiPoint"",""coordinates"":[]}"
74,01-03-2011,26.49846041,"{""type"":""MultiPoint"",""coordinates"":[]}"
75,01-04-2011,30.69012349,"{""type"":""MultiPoint"",""coordinates"":[]}"
76,01-05-2011,32.05215008,"{""type"":""MultiPoint"",""coordinates"":[]}"
77,01-06-2011,30.21856259,"{""type"":""MultiPoint"",""coordinates"":[]}"
78,01-07-2011,26.00989607,"{""type"":""MultiPoint"",""coordinates"":[]}"
79,01-08-2011,25.24734414,"{""type"":""MultiPoint"",""coordinates"":[]}"
80,01-09-2011,25.26168872,"{""type"":""MultiPoint"",""coordinates"":[]}"
81,01-10-2011,27.13579775,"{""type"":""MultiPoint"",""coordinates"":[]}"
82,01-11-2011,25.37621049,"{""type"":""MultiPoint"",""coordinates"":[]}"
83,01-12-2011,21.20411221,"{""type"":""MultiPoint"",""coordinates"":[]}"
84,01-01-2012,18.36153472,"{""type"":""MultiPoint"",""coordinates"":[]}"
85,01-02-2012,20.93457767,"{""type"":""MultiPoint"",""coordinates"":[]}"
86,01-03-2012,25.44605133,"{""type"":""MultiPoint"",""coordinates"":[]}"
87,01-04-2012,30.43711389,"{""type"":""MultiPoint"",""coordinates"":[]}"
88,01-05-2012,31.82322423,"{""type"":""MultiPoint"",""coordinates"":[]}"
89,01-06-2012,30.61932093,"{""type"":""MultiPoint"",""coordinates"":[]}"
90,01-07-2012,26.55562045,"{""type"":""MultiPoint"",""coordinates"":[]}"
91,01-08-2012,25.40093304,"{""type"":""MultiPoint"",""coordinates"":[]}"
92,01-09-2012,25.63380727,"{""type"":""MultiPoint"",""coordinates"":[]}"
93,01-10-2012,27.34606171,"{""type"":""MultiPoint"",""coordinates"":[]}"
94,01-11-2012,23.44614296,"{""type"":""MultiPoint"",""coordinates"":[]}"
95,01-12-2012,21.58371011,"{""type"":""MultiPoint"",""coordinates"":[]}"
96,01-01-2013,19.37841572,"{""type"":""MultiPoint"",""coordinates"":[]}"
97,01-02-2013,22.12563783,"{""type"":""MultiPoint"",""coordinates"":[]}"
98,01-03-2013,26.45189305,"{""type"":""MultiPoint"",""coordinates"":[]}"
99,01-04-2013,30.18508447,"{""type"":""MultiPoint"",""coordinates"":[]}"
100,01-05-2013,32.92126931,"{""type"":""MultiPoint"",""coordinates"":[]}"
101,01-06-2013,28.48730515,"{""type"":""MultiPoint"",""coordinates"":[]}"
102,01-07-2013,25.13170926,"{""type"":""MultiPoint"",""coordinates"":[]}"
103,01-08-2013,24.83585309,"{""type"":""MultiPoint"",""coordinates"":[]}"
104,01-09-2013,26.50391733,"{""type"":""MultiPoint"",""coordinates"":[]}"
105,01-10-2013,25.3157665,"{""type"":""MultiPoint"",""coordinates"":[]}"
106,01-11-2013,22.86700145,"{""type"":""MultiPoint"",""coordinates"":[]}"
107,01-12-2013,19.97367125,"{""type"":""MultiPoint"",""coordinates"":[]}"
108,01-01-2014,18.81663969,"{""type"":""MultiPoint"",""coordinates"":[]}"
109,01-02-2014,20.50858305,"{""type"":""MultiPoint"",""coordinates"":[]}"
110,01-03-2014,25.30616298,"{""type"":""MultiPoint"",""coordinates"":[]}"
111,01-04-2014,30.58511933,"{""type"":""MultiPoint"",""coordinates"":[]}"
112,01-05-2014,32.6053116,"{""type"":""MultiPoint"",""coordinates"":[]}"
113,01-06-2014,31.88141668,"{""type"":""MultiPoint"",""coordinates"":[]}"
114,01-07-2014,27.73142752,"{""type"":""MultiPoint"",""coordinates"":[]}"
115,01-08-2014,26.00616647,"{""type"":""MultiPoint"",""coordinates"":[]}"
116,01-09-2014,25.62314974,"{""type"":""MultiPoint"",""coordinates"":[]}"
117,01-10-2014,27.57124965,"{""type"":""MultiPoint"",""coordinates"":[]}"
118,01-11-2014,25.57900183,"{""type"":""MultiPoint"",""coordinates"":[]}"
119,01-12-2014,20.32563009,"{""type"":""MultiPoint"",""coordinates"":[]}"
120,01-01-2015,18.97295315,"{""type"":""MultiPoint"",""coordinates"":[]}"
121,01-02-2015,22.874184,"{""type"":""MultiPoint"",""coordinates"":[]}"
122,01-03-2015,25.56395663,"{""type"":""MultiPoint"",""coordinates"":[]}"
123,01-04-2015,30.10957449,"{""type"":""MultiPoint"",""coordinates"":[]}"
124,01-05-2015,33.98914639,"{""type"":""MultiPoint"",""coordinates"":[]}"
125,01-06-2015,30.10520823,"{""type"":""MultiPoint"",""coordinates"":[]}"
126,01-07-2015,26.61332845,"{""type"":""MultiPoint"",""coordinates"":[]}"
127,01-08-2015,26.0572338,"{""type"":""MultiPoint"",""coordinates"":[]}"
128,01-09-2015,26.73032053,"{""type"":""MultiPoint"",""coordinates"":[]}"
129,01-10-2015,27.88836466,"{""type"":""MultiPoint"",""coordinates"":[]}"
130,01-11-2015,25.4272445,"{""type"":""MultiPoint"",""coordinates"":[]}"
131,01-12-2015,20.36110268,"{""type"":""MultiPoint"",""coordinates"":[]}"
132,01-01-2016,20.16106834,"{""type"":""MultiPoint"",""coordinates"":[]}"
133,01-02-2016,22.88075543,"{""type"":""MultiPoint"",""coordinates"":[]}"
134,01-03-2016,27.51992077,"{""type"":""MultiPoint"",""coordinates"":[]}"
135,01-04-2016,30.83492843,"{""type"":""MultiPoint"",""coordinates"":[]}"
136,01-05-2016,33.1455503,"{""type"":""MultiPoint"",""coordinates"":[]}"
137,01-06-2016,31.57317719,"{""type"":""MultiPoint"",""coordinates"":[]}"
138,01-07-2016,26.05343098,"{""type"":""MultiPoint"",""coordinates"":[]}"
139,01-08-2016,25.01803003,"{""type"":""MultiPoint"",""coordinates"":[]}"
140,01-09-2016,26.32961775,"{""type"":""MultiPoint"",""coordinates"":[]}"
141,01-10-2016,25.36730619,"{""type"":""MultiPoint"",""coordinates"":[]}"
142,01-11-2016,23.00030685,"{""type"":""MultiPoint"",""coordinates"":[]}"
143,01-12-2016,21.1163679,"{""type"":""MultiPoint"",""coordinates"":[]}"
144,01-01-2017,20.01747842,"{""type"":""MultiPoint"",""coordinates"":[]}"
145,01-02-2017,22.99706139,"{""type"":""MultiPoint"",""coordinates"":[]}"
146,01-03-2017,26.71086909,"{""type"":""MultiPoint"",""coordinates"":[]}"
147,01-04-2017,30.81395711,"{""type"":""MultiPoint"",""coordinates"":[]}"
148,01-05-2017,33.8253042,"{""type"":""MultiPoint"",""coordinates"":[]}"
149,01-06-2017,30.74660541,"{""type"":""MultiPoint"",""coordinates"":[]}"
150,01-07-2017,25.58123421,"{""type"":""MultiPoint"",""coordinates"":[]}"
151,01-08-2017,26.10977176,"{""type"":""MultiPoint"",""coordinates"":[]}"
152,01-09-2017,26.5061626,"{""type"":""MultiPoint"",""coordinates"":[]}"
153,01-10-2017,27.34107195,"{""type"":""MultiPoint"",""coordinates"":[]}"
154,01-11-2017,23.79935727,"{""type"":""MultiPoint"",""coordinates"":[]}"
155,01-12-2017,20.17303599,"{""type"":""MultiPoint"",""coordinates"":[]}"
156,01-01-2018,20.40017221,"{""type"":""MultiPoint"",""coordinates"":[]}"
157,01-02-2018,23.38204012,"{""type"":""MultiPoint"",""coordinates"":[]}"
158,01-03-2018,27.53240416,"{""type"":""MultiPoint"",""coordinates"":[]}"
159,01-04-2018,31.28617149,"{""type"":""MultiPoint"",""coordinates"":[]}"
160,01-05-2018,33.56471778,"{""type"":""MultiPoint"",""coordinates"":[]}"
161,01-06-2018,31.13982656,"{""type"":""MultiPoint"",""coordinates"":[]}"
162,01-07-2018,25.81961222,"{""type"":""MultiPoint"",""coordinates"":[]}"
163,01-08-2018,25.22081093,"{""type"":""MultiPoint"",""coordinates"":[]}"
164,01-09-2018,25.26475504,"{""type"":""MultiPoint"",""coordinates"":[]}"
165,01-10-2018,26.56064857,"{""type"":""MultiPoint"",""coordinates"":[]}"
166,01-11-2018,24.46037892,"{""type"":""MultiPoint"",""coordinates"":[]}"
167,01-12-2018,19.23168803,"{""type"":""MultiPoint"",""coordinates"":[]}"
168,01-01-2019,18.53476927,"{""type"":""MultiPoint"",""coordinates"":[]}"
169,01-02-2019,21.22711897,"{""type"":""MultiPoint"",""coordinates"":[]}"
170,01-03-2019,25.6847662,"{""type"":""MultiPoint"",""coordinates"":[]}"
171,01-04-2019,31.22219397,"{""type"":""MultiPoint"",""coordinates"":[]}"
172,01-05-2019,32.52193659,"{""type"":""MultiPoint"",""coordinates"":[]}"
173,01-06-2019,31.08649091,"{""type"":""MultiPoint"",""coordinates"":[]}"
174,01-07-2019,26.9630392,"{""type"":""MultiPoint"",""coordinates"":[]}"
175,01-08-2019,25.27173496,"{""type"":""MultiPoint"",""coordinates"":[]}"
176,01-09-2019,25.65386656,"{""type"":""MultiPoint"",""coordinates"":[]}"
177,01-10-2019,25.37988694,"{""type"":""MultiPoint"",""coordinates"":[]}"
178,01-11-2019,24.69992381,"{""type"":""MultiPoint"",""coordinates"":[]}"
179,01-12-2019,20.77284356,"{""type"":""MultiPoint"",""coordinates"":[]}"
180,01-01-2020,18.65341224,"{""type"":""MultiPoint"",""coordinates"":[]}"
181,01-02-2020,22.08756181,"{""type"":""MultiPoint"",""coordinates"":[]}"
182,01-03-2020,25.01784344,"{""type"":""MultiPoint"",""coordinates"":[]}"
183,01-04-2020,31.24142195,"{""type"":""MultiPoint"",""coordinates"":[]}"
184,01-05-2020,33.8148523,"{""type"":""MultiPoint"",""coordinates"":[]}"
185,01-06-2020,29.06275889,"{""type"":""MultiPoint"",""coordinates"":[]}"
186,01-07-2020,27.69710927,"{""type"":""MultiPoint"",""coordinates"":[]}"
187,01-08-2020,25.6389037,"{""type"":""MultiPoint"",""coordinates"":[]}"
188,01-09-2020,27.00467069,"{""type"":""MultiPoint"",""coordinates"":[]}"
189,01-10-2020,27.03807655,"{""type"":""MultiPoint"",""coordinates"":[]}"
190,01-11-2020,23.65985224,"{""type"":""MultiPoint"",""coordinates"":[]}"
191,01-12-2020,20.18741508,"{""type"":""MultiPoint"",""coordinates"":[]}"
192,01-01-2021,20.53842874,"{""type"":""MultiPoint"",""coordinates"":[]}"
193,01-02-2021,22.43498898,"{""type"":""MultiPoint"",""coordinates"":[]}"
194,01-03-2021,27.32957084,"{""type"":""MultiPoint"",""coordinates"":[]}"
195,01-04-2021,30.55099928,"{""type"":""MultiPoint"",""coordinates"":[]}"
196,01-05-2021,30.77392511,"{""type"":""MultiPoint"",""coordinates"":[]}"
197,01-06-2021,28.67214057,"{""type"":""MultiPoint"",""coordinates"":[]}"
198,01-07-2021,27.2396737,"{""type"":""MultiPoint"",""coordinates"":[]}"
199,01-08-2021,25.5425918,"{""type"":""MultiPoint"",""coordinates"":[]}"
200,01-09-2021,25.75192458,"{""type"":""MultiPoint"",""coordinates"":[]}"
201,01-10-2021,25.45274407,"{""type"":""MultiPoint"",""coordinates"":[]}"
202,01-11-2021,23.88208483,"{""type"":""MultiPoint"",""coordinates"":[]}"
203,01-12-2021,19.39832951,"{""type"":""MultiPoint"",""coordinates"":[]}"
204,01-01-2022,17.74948162,"{""type"":""MultiPoint"",""coordinates"":[]}"
205,01-02-2022,21.55296842,"{""type"":""MultiPoint"",""coordinates"":[]}"
206,01-03-2022,27.95198948,"{""type"":""MultiPoint"",""coordinates"":[]}"
207,01-04-2022,31.54930252,"{""type"":""MultiPoint"",""coordinates"":[]}"
208,01-05-2022,32.44461087,"{""type"":""MultiPoint"",""coordinates"":[]}"
209,01-06-2022,30.57710768,"{""type"":""MultiPoint"",""coordinates"":[]}"
210,01-07-2022,25.71179452,"{""type"":""MultiPoint"",""coordinates"":[]}"
211,01-08-2022,25.79684502,"{""type"":""MultiPoint"",""coordinates"":[]}"
212,01-09-2022,26.49038961,"{""type"":""MultiPoint"",""coordinates"":[]}"
213,01-10-2022,25.15097229,"{""type"":""MultiPoint"",""coordinates"":[]}"
214,01-11-2022,23.24201079,"{""type"":""MultiPoint"",""coordinates"":[]}"
215,01-12-2022,21.81841562,"{""type"":""MultiPoint"",""coordinates"":[]}"
216,01-01-2023,18.62431478,"{""type"":""MultiPoint"",""coordinates"":[]}"
217,01-02-2023,22.28324977,"{""type"":""MultiPoint"",""coordinates"":[]}"
218,01-03-2023,25.53596456,"{""type"":""MultiPoint"",""coordinates"":[]}"
219,01-04-2023,29.22092048,"{""type"":""MultiPoint"",""coordinates"":[]}"
220,01-05-2023,31.28260351,"{""type"":""MultiPoint"",""coordinates"":[]}"
221,01-06-2023,29.7509201,"{""type"":""MultiPoint"",""coordinates"":[]}"
222,01-07-2023,26.47579783,"{""type"":""MultiPoint"",""coordinates"":[]}"
223,01-08-2023,25.77101273,"{""type"":""MultiPoint"",""coordinates"":[]}"
224,01-09-2023,26.36373901,"{""type"":""MultiPoint"",""coordinates"":[]}"
225,01-10-2023,26.43824752,"{""type"":""MultiPoint"",""coordinates"":[]}"
226,01-11-2023,24.47800079,"{""type"":""MultiPoint"",""coordinates"":[]}"
227,01-12-2023,21.31592522,"{""type"":""MultiPoint"",""coordinates"":[]}"
228,01-01-2024,19.86348922,"{""type"":""MultiPoint"",""coordinates"":[]}"
229,01-02-2024,22.49692934,"{""type"":""MultiPoint"",""coordinates"":[]}"
230,01-03-2024,26.13770434,"{""type"":""MultiPoint"",""coordinates"":[]}"
231,01-04-2024,30.23635192,"{""type"":""MultiPoint"",""coordinates"":[]}"
232,01-05-2024,33.14254099,"{""type"":""MultiPoint"",""coordinates"":[]}"
233,01-06-2024,31.14234365,"{""type"":""MultiPoint"",""coordinates"":[]}"
234,01-07-2024,26.57559482,"{""type"":""MultiPoint"",""coordinates"":[]}"
235,01-08-2024,25.57947921,"{""type"":""MultiPoint"",""coordinates"":[]}"
236,01-09-2024,25.82428566,"{""type"":""MultiPoint"",""coordinates"":[]}"
237,01-10-2024,26.27038971,"{""type"":""MultiPoint"",""coordinates"":[]}"
238,01-11-2024,23.53755107,"{""type"":""MultiPoint"",""coordinates"":[]}"
239,01-12-2024,20.19733729,"{""type"":""MultiPoint"",""coordinates"":[]}"
240,01-01-2025,20.18176133,"{""type"":""MultiPoint"",""coordinates"":[]}"
241,01-02-2025,23.12116369,"{""type"":""MultiPoint"",""coordinates"":[]}"
242,01-03-2025,27.22689865,"{""type"":""MultiPoint"",""coordinates"":[]}"
243,01-04-2025,31.37913269,"{""type"":""MultiPoint"",""coordinates"":[]}"
244,01-05-2025,30.31175409,"{""type"":""MultiPoint"",""coordinates"":[]}"
245,01-06-2025,28.4567728,"{""type"":""MultiPoint"",""coordinates"":[]}"
246,01-07-2025,25.66061172,"{""type"":""MultiPoint"",""coordinates"":[]}"
247,01-08-2025,25.74191995,"{""type"":""MultiPoint"",""coordinates"":[]}"
248,01-09-2025,25.90013517,"{""type"":""MultiPoint"",""coordinates"":[]}"
249,01-10-2025,25.61579644,"{""type"":""MultiPoint"",""coordinates"":[]}"
250,01-11-2025,22.07321928,"{""type"":""MultiPoint"",""coordinates"":[]}"
251,01-12-2025,22.07321928,"{""type"":""MultiPoint"",""coordinates"":[]}"
