system:index,month,rain_mm,year,.geo
0,1.0,0.0,2005.0,"{""type"":""MultiPoint"",""coordinates"":[]}"
1,2.0,0.0,2005.0,"{""type"":""MultiPoint"",""coordinates"":[]}"
2,3.0,0.0,2005.0,"{""type"":""MultiPoint"",""coordinates"":[]}"
3,4.0,1.3085743188858032,2005.0,"{""type"":""MultiPoint"",""coordinates"":[]}"
4,5.0,0.0,2005.0,"{""type"":""MultiPoint"",""coordinates"":[]}"
5,6.0,76.4569673538208,2005.0,"{""type"":""MultiPoint"",""coordinates"":[]}"
6,7.0,461.1977562904358,2005.0,"{""type"":""MultiPoint"",""coordinates"":[]}"
7,8.0,171.26845264434814,2005.0,"{""type"":""MultiPoint"",""coordinates"":[]}"
8,9.0,378.4281487464905,2005.0,"{""type"":""MultiPoint"",""coordinates"":[]}"
9,10.0,0.0,2005.0,"{""type"":""MultiPoint"",""coordinates"":[]}"
10,11.0,0.0,2005.0,"{""type"":""MultiPoint"",""coordinates"":[]}"
11,12.0,0.0,2005.0,"{""type"":""MultiPoint"",""coordinates"":[]}"
12,1.0,0.0,2006.0,"{""type"":""MultiPoint"",""coordinates"":[]}"
13,2.0,0.0,2006.0,"{""type"":""MultiPoint"",""coordinates"":[]}"
14,3.0,2.550187647342682,2006.0,"{""type"":""MultiPoint"",""coordinates"":[]}"
15,4.0,0.0,2006.0,"{""type"":""MultiPoint"",""coordinates"":[]}"
16,5.0,13.344221115112305,2006.0,"{""type"":""MultiPoint"",""coordinates"":[]}"
17,6.0,142.04167556762695,2006.0,"{""type"":""MultiPoint"",""coordinates"":[]}"
18,7.0,285.16848278045654,2006.0,"{""type"":""MultiPoint"",""coordinates"":[]}"
19,8.0,662.1209354400635,2006.0,"{""type"":""MultiPoint"",""coordinates"":[]}"
20,9.0,438.2836322784424,2006.0,"{""type"":""MultiPoint"",""coordinates"":[]}"
21,10.0,23.35272979736328,2006.0,"{""type"":""MultiPoint"",""coordinates"":[]}"
22,11.0,0.0,2006.0,"{""type"":""MultiPoint"",""coordinates"":[]}"
23,12.0,0.0,2006.0,"{""type"":""MultiPoint"",""coordinates"":[]}"
24,1.0,0.0,2007.0,"{""type"":""MultiPoint"",""coordinates"":[]}"
25,2.0,0.0,2007.0,"{""type"":""MultiPoint"",""coordinates"":[]}"
26,3.0,0.0,2007.0,"{""type"":""MultiPoint"",""coordinates"":[]}"
27,4.0,0.0,2007.0,"{""type"":""MultiPoint"",""coordinates"":[]}"
28,5.0,0.0,2007.0,"{""type"":""MultiPoint"",""coordinates"":[]}"
29,6.0,89.78467226028442,2007.0,"{""type"":""MultiPoint"",""coordinates"":[]}"
30,7.0,400.7220344543457,2007.0,"{""type"":""MultiPoint"",""coordinates"":[]}"
31,8.0,393.01034593582153,2007.0,"{""type"":""MultiPoint"",""coordinates"":[]}"
32,9.0,337.742883682251,2007.0,"{""type"":""MultiPoint"",""coordinates"":[]}"
33,10.0,0.0,2007.0,"{""type"":""MultiPoint"",""coordinates"":[]}"
34,11.0,0.0,2007.0,"{""type"":""MultiPoint"",""coordinates"":[]}"
35,12.0,0.0,2007.0,"{""type"":""MultiPoint"",""coordinates"":[]}"
36,1.0,0.0,2008.0,"{""type"":""MultiPoint"",""coordinates"":[]}"
37,2.0,0.0,2008.0,"{""type"":""MultiPoint"",""coordinates"":[]}"
38,3.0,0.0,2008.0,"{""type"":""MultiPoint"",""coordinates"":[]}"
39,4.0,0.0,2008.0,"{""type"":""MultiPoint"",""coordinates"":[]}"
40,5.0,0.0,2008.0,"{""type"":""MultiPoint"",""coordinates"":[]}"
41,6.0,81.02759003639221,2008.0,"{""type"":""MultiPoint"",""coordinates"":[]}"
42,7.0,265.9750061035156,2008.0,"{""type"":""MultiPoint"",""coordinates"":[]}"
43,8.0,218.83959674835205,2008.0,"{""type"":""MultiPoint"",""coordinates"":[]}"
44,9.0,236.64588451385498,2008.0,"{""type"":""MultiPoint"",""coordinates"":[]}"
45,10.0,9.726693153381348,2008.0,"{""type"":""MultiPoint"",""coordinates"":[]}"
46,11.0,0.0,2008.0,"{""type"":""MultiPoint"",""coordinates"":[]}"
47,12.0,0.6886435635387897,2008.0,"{""type"":""MultiPoint"",""coordinates"":[]}"
48,1.0,2.9546471536159515,2009.0,"{""type"":""MultiPoint"",""coordinates"":[]}"
49,2.0,0.0,2009.0,"{""type"":""MultiPoint"",""coordinates"":[]}"
50,3.0,0.0,2009.0,"{""type"":""MultiPoint"",""coordinates"":[]}"
51,4.0,1.1083316802978516,2009.0,"{""type"":""MultiPoint"",""coordinates"":[]}"
52,5.0,0.0,2009.0,"{""type"":""MultiPoint"",""coordinates"":[]}"
53,6.0,75.99411392211914,2009.0,"{""type"":""MultiPoint"",""coordinates"":[]}"
54,7.0,591.1415691375732,2009.0,"{""type"":""MultiPoint"",""coordinates"":[]}"
55,8.0,226.65660095214844,2009.0,"{""type"":""MultiPoint"",""coordinates"":[]}"
56,9.0,90.63190078735352,2009.0,"{""type"":""MultiPoint"",""coordinates"":[]}"
57,10.0,20.61859893798828,2009.0,"{""type"":""MultiPoint"",""coordinates"":[]}"
58,11.0,4.405930519104004,2009.0,"{""type"":""MultiPoint"",""coordinates"":[]}"
59,12.0,0.0,2009.0,"{""type"":""MultiPoint"",""coordinates"":[]}"
60,1.0,0.0,2010.0,"{""type"":""MultiPoint"",""coordinates"":[]}"
61,2.0,3.532838463783264,2010.0,"{""type"":""MultiPoint"",""coordinates"":[]}"
62,3.0,0.0,2010.0,"{""type"":""MultiPoint"",""coordinates"":[]}"
63,4.0,1.0742051601409912,2010.0,"{""type"":""MultiPoint"",""coordinates"":[]}"
64,5.0,0.0,2010.0,"{""type"":""MultiPoint"",""coordinates"":[]}"
65,6.0,53.420650243759155,2010.0,"{""type"":""MultiPoint"",""coordinates"":[]}"
66,7.0,439.5487217903137,2010.0,"{""type"":""MultiPoint"",""coordinates"":[]}"
67,8.0,369.92625284194946,2010.0,"{""type"":""MultiPoint"",""coordinates"":[]}"
68,9.0,223.56821823120117,2010.0,"{""type"":""MultiPoint"",""coordinates"":[]}"
69,10.0,0.0,2010.0,"{""type"":""MultiPoint"",""coordinates"":[]}"
70,11.0,12.130433082580566,2010.0,"{""type"":""MultiPoint"",""coordinates"":[]}"
71,12.0,0.0,2010.0,"{""type"":""MultiPoint"",""coordinates"":[]}"
72,1.0,0.0,2011.0,"{""type"":""MultiPoint"",""coordinates"":[]}"
73,2.0,0.0,2011.0,"{""type"":""MultiPoint"",""coordinates"":[]}"
74,3.0,0.0,2011.0,"{""type"":""MultiPoint"",""coordinates"":[]}"
75,4.0,0.0,2011.0,"{""type"":""MultiPoint"",""coordinates"":[]}"
76,5.0,0.0,2011.0,"{""type"":""MultiPoint"",""coordinates"":[]}"
77,6.0,70.46785962581635,2011.0,"{""type"":""MultiPoint"",""coordinates"":[]}"
78,7.0,466.8359293937683,2011.0,"{""type"":""MultiPoint"",""coordinates"":[]}"
79,8.0,570.7092881202698,2011.0,"{""type"":""MultiPoint"",""coordinates"":[]}"
80,9.0,173.35428619384766,2011.0,"{""type"":""MultiPoint"",""coordinates"":[]}"
81,10.0,0.0,2011.0,"{""type"":""MultiPoint"",""coordinates"":[]}"
82,11.0,2.611724853515625,2011.0,"{""type"":""MultiPoint"",""coordinates"":[]}"
83,12.0,0.0,2011.0,"{""type"":""MultiPoint"",""coordinates"":[]}"
84,1.0,0.0,2012.0,"{""type"":""MultiPoint"",""coordinates"":[]}"
85,2.0,0.0,2012.0,"{""type"":""MultiPoint"",""coordinates"":[]}"
86,3.0,0.0,2012.0,"{""type"":""MultiPoint"",""coordinates"":[]}"
87,4.0,1.000303030014038,2012.0,"{""type"":""MultiPoint"",""coordinates"":[]}"
88,5.0,0.0,2012.0,"{""type"":""MultiPoint"",""coordinates"":[]}"
89,6.0,25.62569236755371,2012.0,"{""type"":""MultiPoint"",""coordinates"":[]}"
90,7.0,405.9795298576355,2012.0,"{""type"":""MultiPoint"",""coordinates"":[]}"
91,8.0,394.3059425354004,2012.0,"{""type"":""MultiPoint"",""coordinates"":[]}"
92,9.0,389.4258785247803,2012.0,"{""type"":""MultiPoint"",""coordinates"":[]}"
93,10.0,0.0,2012.0,"{""type"":""MultiPoint"",""coordinates"":[]}"
94,11.0,4.666757583618164,2012.0,"{""type"":""MultiPoint"",""coordinates"":[]}"
95,12.0,0.0,2012.0,"{""type"":""MultiPoint"",""coordinates"":[]}"
96,1.0,0.0,2013.0,"{""type"":""MultiPoint"",""coordinates"":[]}"
97,2.0,0.0,2013.0,"{""type"":""MultiPoint"",""coordinates"":[]}"
98,3.0,0.0,2013.0,"{""type"":""MultiPoint"",""coordinates"":[]}"
99,4.0,2.3984093070030212,2013.0,"{""type"":""MultiPoint"",""coordinates"":[]}"
100,5.0,0.0,2013.0,"{""type"":""MultiPoint"",""coordinates"":[]}"
101,6.0,158.2169370651245,2013.0,"{""type"":""MultiPoint"",""coordinates"":[]}"
102,7.0,801.5499591827393,2013.0,"{""type"":""MultiPoint"",""coordinates"":[]}"
103,8.0,337.12635612487793,2013.0,"{""type"":""MultiPoint"",""coordinates"":[]}"
104,9.0,339.72662925720215,2013.0,"{""type"":""MultiPoint"",""coordinates"":[]}"
105,10.0,56.51092529296875,2013.0,"{""type"":""MultiPoint"",""coordinates"":[]}"
106,11.0,0.0,2013.0,"{""type"":""MultiPoint"",""coordinates"":[]}"
107,12.0,0.0,2013.0,"{""type"":""MultiPoint"",""coordinates"":[]}"
108,1.0,5.038688778877258,2014.0,"{""type"":""MultiPoint"",""coordinates"":[]}"
109,2.0,3.409825325012207,2014.0,"{""type"":""MultiPoint"",""coordinates"":[]}"
110,3.0,0.0,2014.0,"{""type"":""MultiPoint"",""coordinates"":[]}"
111,4.0,1.479374885559082,2014.0,"{""type"":""MultiPoint"",""coordinates"":[]}"
112,5.0,0.0,2014.0,"{""type"":""MultiPoint"",""coordinates"":[]}"
113,6.0,5.002397537231445,2014.0,"{""type"":""MultiPoint"",""coordinates"":[]}"
114,7.0,447.28256130218506,2014.0,"{""type"":""MultiPoint"",""coordinates"":[]}"
115,8.0,254.6786880493164,2014.0,"{""type"":""MultiPoint"",""coordinates"":[]}"
116,9.0,254.9323616027832,2014.0,"{""type"":""MultiPoint"",""coordinates"":[]}"
117,10.0,0.0,2014.0,"{""type"":""MultiPoint"",""coordinates"":[]}"
118,11.0,0.0,2014.0,"{""type"":""MultiPoint"",""coordinates"":[]}"
119,12.0,0.0,2014.0,"{""type"":""MultiPoint"",""coordinates"":[]}"
120,1.0,0.0,2015.0,"{""type"":""MultiPoint"",""coordinates"":[]}"
121,2.0,1.8032852411270142,2015.0,"{""type"":""MultiPoint"",""coordinates"":[]}"
122,3.0,3.861285150051117,2015.0,"{""type"":""MultiPoint"",""coordinates"":[]}"
123,4.0,1.514946460723877,2015.0,"{""type"":""MultiPoint"",""coordinates"":[]}"
124,5.0,0.0,2015.0,"{""type"":""MultiPoint"",""coordinates"":[]}"
125,6.0,125.10038471221924,2015.0,"{""type"":""MultiPoint"",""coordinates"":[]}"
126,7.0,563.3499307632446,2015.0,"{""type"":""MultiPoint"",""coordinates"":[]}"
127,8.0,126.0617880821228,2015.0,"{""type"":""MultiPoint"",""coordinates"":[]}"
128,9.0,87.78897285461426,2015.0,"{""type"":""MultiPoint"",""coordinates"":[]}"
129,10.0,0.0,2015.0,"{""type"":""MultiPoint"",""coordinates"":[]}"
130,11.0,0.0,2015.0,"{""type"":""MultiPoint"",""coordinates"":[]}"
131,12.0,0.0,2015.0,"{""type"":""MultiPoint"",""coordinates"":[]}"
132,1.0,0.0,2016.0,"{""type"":""MultiPoint"",""coordinates"":[]}"
133,2.0,0.0,2016.0,"{""type"":""MultiPoint"",""coordinates"":[]}"
134,3.0,0.0,2016.0,"{""type"":""MultiPoint"",""coordinates"":[]}"
135,4.0,0.9873128533363342,2016.0,"{""type"":""MultiPoint"",""coordinates"":[]}"
136,5.0,0.0,2016.0,"{""type"":""MultiPoint"",""coordinates"":[]}"
137,6.0,116.94704127311707,2016.0,"{""type"":""MultiPoint"",""coordinates"":[]}"
138,7.0,648.08385181427,2016.0,"{""type"":""MultiPoint"",""coordinates"":[]}"
139,8.0,608.7839984893799,2016.0,"{""type"":""MultiPoint"",""coordinates"":[]}"
140,9.0,224.1760482788086,2016.0,"{""type"":""MultiPoint"",""coordinates"":[]}"
141,10.0,72.17312049865723,2016.0,"{""type"":""MultiPoint"",""coordinates"":[]}"
142,11.0,0.0,2016.0,"{""type"":""MultiPoint"",""coordinates"":[]}"
143,12.0,0.0,2016.0,"{""type"":""MultiPoint"",""coordinates"":[]}"
144,1.0,0.0,2017.0,"{""type"":""MultiPoint"",""coordinates"":[]}"
145,2.0,0.0,2017.0,"{""type"":""MultiPoint"",""coordinates"":[]}"
146,3.0,0.0,2017.0,"{""type"":""MultiPoint"",""coordinates"":[]}"
147,4.0,0.0,2017.0,"{""type"":""MultiPoint"",""coordinates"":[]}"
148,5.0,0.0,2017.0,"{""type"":""MultiPoint"",""coordinates"":[]}"
149,6.0,120.45801067352295,2017.0,"{""type"":""MultiPoint"",""coordinates"":[]}"
150,7.0,423.7508420944214,2017.0,"{""type"":""MultiPoint"",""coordinates"":[]}"
151,8.0,228.65381622314453,2017.0,"{""type"":""MultiPoint"",""coordinates"":[]}"
152,9.0,203.8296995162964,2017.0,"{""type"":""MultiPoint"",""coordinates"":[]}"
153,10.0,0.0,2017.0,"{""type"":""MultiPoint"",""coordinates"":[]}"
154,11.0,0.0,2017.0,"{""type"":""MultiPoint"",""coordinates"":[]}"
155,12.0,0.9915742129087448,2017.0,"{""type"":""MultiPoint"",""coordinates"":[]}"
156,1.0,0.0,2018.0,"{""type"":""MultiPoint"",""coordinates"":[]}"
157,2.0,2.815796375274658,2018.0,"{""type"":""MultiPoint"",""coordinates"":[]}"
158,3.0,0.0,2018.0,"{""type"":""MultiPoint"",""coordinates"":[]}"
159,4.0,0.0,2018.0,"{""type"":""MultiPoint"",""coordinates"":[]}"
160,5.0,0.0,2018.0,"{""type"":""MultiPoint"",""coordinates"":[]}"
161,6.0,91.6501293182373,2018.0,"{""type"":""MultiPoint"",""coordinates"":[]}"
162,7.0,596.2732243537903,2018.0,"{""type"":""MultiPoint"",""coordinates"":[]}"
163,8.0,285.9487634897232,2018.0,"{""type"":""MultiPoint"",""coordinates"":[]}"
164,9.0,154.66342163085938,2018.0,"{""type"":""MultiPoint"",""coordinates"":[]}"
165,10.0,0.0,2018.0,"{""type"":""MultiPoint"",""coordinates"":[]}"
166,11.0,0.0,2018.0,"{""type"":""MultiPoint"",""coordinates"":[]}"
167,12.0,0.7269317358732224,2018.0,"{""type"":""MultiPoint"",""coordinates"":[]}"
168,1.0,1.7679100036621094,2019.0,"{""type"":""MultiPoint"",""coordinates"":[]}"
169,2.0,0.0,2019.0,"{""type"":""MultiPoint"",""coordinates"":[]}"
170,3.0,0.0,2019.0,"{""type"":""MultiPoint"",""coordinates"":[]}"
171,4.0,1.41985684633255,2019.0,"{""type"":""MultiPoint"",""coordinates"":[]}"
172,5.0,0.0,2019.0,"{""type"":""MultiPoint"",""coordinates"":[]}"
173,6.0,129.43199802190065,2019.0,"{""type"":""MultiPoint"",""coordinates"":[]}"
174,7.0,356.90848541259766,2019.0,"{""type"":""MultiPoint"",""coordinates"":[]}"
175,8.0,542.6725158691406,2019.0,"{""type"":""MultiPoint"",""coordinates"":[]}"
176,9.0,673.7999725341797,2019.0,"{""type"":""MultiPoint"",""coordinates"":[]}"
177,10.0,38.69165452104062,2019.0,"{""type"":""MultiPoint"",""coordinates"":[]}"
178,11.0,3.87812974252779,2019.0,"{""type"":""MultiPoint"",""coordinates"":[]}"
179,12.0,0.0,2019.0,"{""type"":""MultiPoint"",""coordinates"":[]}"
180,1.0,2.0823237895965576,2020.0,"{""type"":""MultiPoint"",""coordinates"":[]}"
181,2.0,0.0,2020.0,"{""type"":""MultiPoint"",""coordinates"":[]}"
182,3.0,2.658539056777954,2020.0,"{""type"":""MultiPoint"",""coordinates"":[]}"
183,4.0,0.0,2020.0,"{""type"":""MultiPoint"",""coordinates"":[]}"
184,5.0,1.335595428943634,2020.0,"{""type"":""MultiPoint"",""coordinates"":[]}"
185,6.0,154.88458715149318,2020.0,"{""type"":""MultiPoint"",""coordinates"":[]}"
186,7.0,271.1962683200836,2020.0,"{""type"":""MultiPoint"",""coordinates"":[]}"
187,8.0,447.3471374511719,2020.0,"{""type"":""MultiPoint"",""coordinates"":[]}"
188,9.0,421.32121181488037,2020.0,"{""type"":""MultiPoint"",""coordinates"":[]}"
189,10.0,4.662212684750557,2020.0,"{""type"":""MultiPoint"",""coordinates"":[]}"
190,11.0,0.0,2020.0,"{""type"":""MultiPoint"",""coordinates"":[]}"
191,12.0,0.0,2020.0,"{""type"":""MultiPoint"",""coordinates"":[]}"
192,1.0,0.0,2021.0,"{""type"":""MultiPoint"",""coordinates"":[]}"
193,2.0,0.0,2021.0,"{""type"":""MultiPoint"",""coordinates"":[]}"
194,3.0,0.0,2021.0,"{""type"":""MultiPoint"",""coordinates"":[]}"
195,4.0,0.0,2021.0,"{""type"":""MultiPoint"",""coordinates"":[]}"
196,5.0,0.0,2021.0,"{""type"":""MultiPoint"",""coordinates"":[]}"
197,6.0,94.73386716842651,2021.0,"{""type"":""MultiPoint"",""coordinates"":[]}"
198,7.0,325.77325534820557,2021.0,"{""type"":""MultiPoint"",""coordinates"":[]}"
199,8.0,283.6432695388794,2021.0,"{""type"":""MultiPoint"",""coordinates"":[]}"
200,9.0,483.0962028503418,2021.0,"{""type"":""MultiPoint"",""coordinates"":[]}"
201,10.0,15.178632736206055,2021.0,"{""type"":""MultiPoint"",""coordinates"":[]}"
202,11.0,6.52995491027832,2021.0,"{""type"":""MultiPoint"",""coordinates"":[]}"
203,12.0,1.3200055360794067,2021.0,"{""type"":""MultiPoint"",""coordinates"":[]}"
204,1.0,0.0,2022.0,"{""type"":""MultiPoint"",""coordinates"":[]}"
205,2.0,0.0,2022.0,"{""type"":""MultiPoint"",""coordinates"":[]}"
206,3.0,0.0,2022.0,"{""type"":""MultiPoint"",""coordinates"":[]}"
207,4.0,0.0,2022.0,"{""type"":""MultiPoint"",""coordinates"":[]}"
208,5.0,0.0,2022.0,"{""type"":""MultiPoint"",""coordinates"":[]}"
209,6.0,59.225968807935715,2022.0,"{""type"":""MultiPoint"",""coordinates"":[]}"
210,7.0,648.3053970336914,2022.0,"{""type"":""MultiPoint"",""coordinates"":[]}"
211,8.0,444.34199619293213,2022.0,"{""type"":""MultiPoint"",""coordinates"":[]}"
212,9.0,241.86773843318224,2022.0,"{""type"":""MultiPoint"",""coordinates"":[]}"
213,10.0,22.83201789855957,2022.0,"{""type"":""MultiPoint"",""coordinates"":[]}"
214,11.0,0.0,2022.0,"{""type"":""MultiPoint"",""coordinates"":[]}"
215,12.0,0.0,2022.0,"{""type"":""MultiPoint"",""coordinates"":[]}"
216,1.0,5.752329111099243,2023.0,"{""type"":""MultiPoint"",""coordinates"":[]}"
217,2.0,0.0,2023.0,"{""type"":""MultiPoint"",""coordinates"":[]}"
218,3.0,5.507262349128723,2023.0,"{""type"":""MultiPoint"",""coordinates"":[]}"
219,4.0,0.0,2023.0,"{""type"":""MultiPoint"",""coordinates"":[]}"
220,5.0,21.5766658782959,2023.0,"{""type"":""MultiPoint"",""coordinates"":[]}"
221,6.0,90.10645627975464,2023.0,"{""type"":""MultiPoint"",""coordinates"":[]}"
222,7.0,649.8485660552979,2023.0,"{""type"":""MultiPoint"",""coordinates"":[]}"
223,8.0,100.50368118286133,2023.0,"{""type"":""MultiPoint"",""coordinates"":[]}"
224,9.0,521.6402435302734,2023.0,"{""type"":""MultiPoint"",""coordinates"":[]}"
225,10.0,0.0,2023.0,"{""type"":""MultiPoint"",""coordinates"":[]}"
226,11.0,8.265166282653809,2023.0,"{""type"":""MultiPoint"",""coordinates"":[]}"
227,12.0,0.5500191450119019,2023.0,"{""type"":""MultiPoint"",""coordinates"":[]}"
228,1.0,0.0,2024.0,"{""type"":""MultiPoint"",""coordinates"":[]}"
229,2.0,1.9852039813995361,2024.0,"{""type"":""MultiPoint"",""coordinates"":[]}"
230,3.0,0.0,2024.0,"{""type"":""MultiPoint"",""coordinates"":[]}"
231,4.0,1.1827150732792688,2024.0,"{""type"":""MultiPoint"",""coordinates"":[]}"
232,5.0,0.0,2024.0,"{""type"":""MultiPoint"",""coordinates"":[]}"
233,6.0,122.65229905745946,2024.0,"{""type"":""MultiPoint"",""coordinates"":[]}"
234,7.0,428.78482723236084,2024.0,"{""type"":""MultiPoint"",""coordinates"":[]}"
235,8.0,371.180358171463,2024.0,"{""type"":""MultiPoint"",""coordinates"":[]}"
236,9.0,424.0164401233196,2024.0,"{""type"":""MultiPoint"",""coordinates"":[]}"
237,10.0,14.678341132750575,2024.0,"{""type"":""MultiPoint"",""coordinates"":[]}"
238,11.0,0.0,2024.0,"{""type"":""MultiPoint"",""coordinates"":[]}"
239,12.0,0.0,2024.0,"{""type"":""MultiPoint"",""coordinates"":[]}"
240,1.0,2.119602918624878,2025.0,"{""type"":""MultiPoint"",""coordinates"":[]}"
241,2.0,1.8496625423431396,2025.0,"{""type"":""MultiPoint"",""coordinates"":[]}"
242,3.0,0.0,2025.0,"{""type"":""MultiPoint"",""coordinates"":[]}"
243,4.0,0.0,2025.0,"{""type"":""MultiPoint"",""coordinates"":[]}"
244,5.0,37.80078101158142,2025.0,"{""type"":""MultiPoint"",""coordinates"":[]}"
245,6.0,184.16315361857414,2025.0,"{""type"":""MultiPoint"",""coordinates"":[]}"
246,7.0,457.9845428466797,2025.0,"{""type"":""MultiPoint"",""coordinates"":[]}"
247,8.0,361.5691328048706,2025.0,"{""type"":""MultiPoint"",""coordinates"":[]}"
248,9.0,356.71894454956055,2025.0,"{""type"":""MultiPoint"",""coordinates"":[]}"
249,10.0,11.156133651733398,2025.0,"{""type"":""MultiPoint"",""coordinates"":[]}"
250,11.0,2.3993640313274227,2025.0,"{""type"":""MultiPoint"",""coordinates"":[]}"
251,12.0,0.0,2025.0,"{""type"":""MultiPoint"",""coordinates"":[]}"
